CPF,EMAIL,EMPRESA,ESTADO,SALARIO
362.418.524-18,miguel@email.com.br,Facebook,MG,"R$ 27.211,00"
742.316.671-52,sophia@empresa.com.br,Plastic Co.,DF,"R$ 6.971,00"
725.732.024-10,davi@hotmail.com,Facebook,SC,"R$ 10.465,00"
188.944.026-49,alice@empresa.com.br,GGTT,AL,"R$ 39.010,00"
432.594.262-99,arthur@email.com.br,Governo Federal,PE,"R$ 8.726,00"
475.250.344-19,julia@email.com.br,Uber,RO,"R$ 24.250,00"
637.637.477-88,pedro@uol.com.br,Facebook,DF,"R$ 8.679,00"
787.264.677-39,isabella@uol.com.br,Enum G.,RO,"R$ 37.303,00"
868.492.285-95,gabriel@outlook.com,Facebook,AM,"R$ 32.446,00"
576.014.456-15,manuela@empresa.com.br,For Men,PA,"R$ 3.898,00"
275.350.246-37,bernardo@empresa.com.br,Plastic Co.,PA,"R$ 19.380,00"
807.471.149-86,laura@empresa.com.br,For Men,RS,"R$ 24.924,00"
960.265.431-71,lucas@uol.com.br,GGTT,RS,"R$ 43.695,00"
274.737.669-96,luiza@uol.com.br,Raro Efeito,RS,"R$ 20.376,00"
235.901.289-41,matheus@uol.com.br,Google,CE,"R$ 1.242,00"
150.711.441-90,valentina@hotmail.com,For Men,MG,"R$ 19.111,00"
436.698.036-37,rafael@gmail.com,Raro Efeito,TO,"R$ 33.213,00"
120.516.031-03,giovanna@hotmail.com,CCEE,SP,"R$ 9.602,00"
118.272.374-81,heitor@hotmail.com,Google,PB,"R$ 30.471,00"
942.637.660-75,mariaeduarda@email.com.br,Google,MT,"R$ 16.012,00"
735.781.301-09,enzo@uol.com.br,Enum G.,PA,"R$ 15.624,00"
172.140.294-21,helena@email.com.br,UMAL,SC,"R$ 35.781,00"
788.776.187-52,guilherme@uol.com.br,Governo Federal,RN,"R$ 2.458,00"
886.603.502-51,beatriz@gmail.com,CCEE,SE,"R$ 43.337,00"
169.340.124-02,nicolas@hotmail.com,GGTT,PR,"R$ 28.927,00"
664.162.665-20,marialuiza@empresa.com.br,Facebook,SE,"R$ 39.041,00"
302.708.036-96,lorenzo@yahoo.com,UMAL,SE,"R$ 8.116,00"
279.024.658-01,lara@yahoo.com,Spotify,MA,"R$ 36.315,00"
804.768.054-49,gustavo@yahoo.com,GGTT,SC,"R$ 34.494,00"
447.563.912-30,mariana@gmail.com,Clothing,RS,"R$ 20.862,00"
242.750.306-13,felipe@email.com.br,Netflix,CE,"R$ 23.662,00"
824.070.835-80,nicole@uol.com.br,Facebook,SC,"R$ 41.803,00"
340.046.283-77,samuel@outlook.com,AirBnB,GO,"R$ 29.712,00"
993.007.697-23,rafaela@uol.com.br,Facebook,RS,"R$ 40.567,00"
681.592.928-05,joaopedro@outlook.com,Google,ES,"R$ 25.411,00"
952.738.566-04,heloisa@empresa.com.br,Spotify,BA,"R$ 19.303,00"
789.952.323-07,daniel@gmail.com,A&B,SP,"R$ 13.786,00"
522.512.348-10,isadora@empresa.com.br,Uber,PE,"R$ 5.748,00"
506.336.797-63,vitor@hotmail.com,UMAL,PI,"R$ 33.916,00"
904.364.824-87,livia@outlook.com,Plastic Co.,RN,"R$ 44.022,00"
690.534.776-08,leonardo@uol.com.br,Google,AM,"R$ 36.671,00"
229.959.344-62,mariaclara@gmail.com,GGTT,RR,"R$ 30.729,00"
397.486.950-69,henrique@email.com.br,Google,SE,"R$ 30.201,00"
939.963.988-67,anaclara@uol.com.br,Brasil Ent.,PI,"R$ 8.951,00"
984.574.525-33,theo@empresa.com.br,Raro Efeito,DF,"R$ 41.751,00"
211.696.427-05,lorena@outlook.com,Plastic Co.,AC,"R$ 39.110,00"
373.314.678-67,murilo@yahoo.com,Plastic Co.,RR,"R$ 39.760,00"
526.441.687-75,gabriela@yahoo.com,CCEE,BA,"R$ 15.864,00"
702.488.852-00,eduardo@yahoo.com,For Men,MS,"R$ 41.137,00"
759.875.814-00,yasmin@empresa.com.br,For Men,GO,"R$ 32.455,00"
735.743.542-31,pedrohenrique@hotmail.com,Facebook,AL,"R$ 12.776,00"
504.750.533-20,isabelly@email.com.br,Brasil Ent.,AP,"R$ 24.736,00"
220.471.448-84,pietro@empresa.com.br,Plastic Co.,AM,"R$ 9.817,00"
968.174.442-09,sarah@outlook.com,Raro Efeito,AM,"R$ 28.123,00"
549.657.204-58,caua@empresa.com.br,Spotify,PA,"R$ 32.847,00"
123.280.571-87,anajulia@email.com.br,Governo Federal,RS,"R$ 41.053,00"
827.321.680-25,isaac@gmail.com,Uber,AC,"R$ 31.692,00"
265.571.536-50,leticia@uol.com.br,Google,RR,"R$ 40.278,00"
829.461.455-65,caio@yahoo.com,Enum G.,AP,"R$ 28.805,00"
265.340.809-07,analuiza@uol.com.br,GGTT,SE,"R$ 20.976,00"
538.737.132-41,vinicius@uol.com.br,GGTT,MG,"R$ 27.838,00"
439.857.495-66,melissa@email.com.br,CCEE,RS,"R$ 15.371,00"
355.299.457-24,benjamin@yahoo.com,Facebook,PB,"R$ 1.933,00"
852.418.284-94,marina@hotmail.com,Google,PR,"R$ 10.507,00"
484.661.937-07,joao@email.com.br,Raro Efeito,TO,"R$ 2.051,00"
576.219.700-06,clara@yahoo.com,A&B,BA,"R$ 7.931,00"
983.528.605-18,lucca@hotmail.com,Enum G.,MT,"R$ 25.886,00"
712.249.332-65,cecilia@uol.com.br,A&B,PE,"R$ 7.858,00"
655.989.022-81,joaomiguel@hotmail.com,Governo Federal,AL,"R$ 43.329,00"
718.458.188-14,esther@yahoo.com,AirBnB,MA,"R$ 32.911,00"
566.769.311-92,bryan@yahoo.com,Spotify,AC,"R$ 1.652,00"
496.859.690-19,emanuelly@empresa.com.br,CCEE,CE,"R$ 3.526,00"
428.302.239-00,joaquim@email.com.br,UMAL,RS,"R$ 34.922,00"
889.703.268-04,rebeca@gmail.com,UMAL,RR,"R$ 28.063,00"
902.006.164-04,joaovitor@yahoo.com,Spotify,SP,"R$ 11.087,00"
702.444.370-76,anabeatriz@uol.com.br,Brasil Ent.,SC,"R$ 27.161,00"
307.327.888-54,thiago@uol.com.br,Uber,AM,"R$ 32.219,00"
269.800.740-08,lavinia@hotmail.com,Raro Efeito,AL,"R$ 24.345,00"
911.576.944-54,antonio@uol.com.br,Clothing,SC,"R$ 37.218,00"
802.046.115-98,vitoria@email.com.br,CCEE,RJ,"R$ 42.057,00"
302.020.023-73,davilucas@hotmail.com,Clothing,AL,"R$ 16.988,00"
859.458.442-33,bianca@hotmail.com,Netflix,MA,"R$ 9.795,00"
368.866.095-13,francisco@empresa.com.br,Plastic Co.,SE,"R$ 30.649,00"
270.987.843-70,catarina@uol.com.br,Raro Efeito,TO,"R$ 19.294,00"
116.899.646-50,enzogabriel@outlook.com,Enum G.,ES,"R$ 12.194,00"
542.965.960-63,larissa@uol.com.br,Clothing,MG,"R$ 19.175,00"
817.192.522-70,bruno@empresa.com.br,AirBnB,RS,"R$ 10.518,00"
103.439.122-44,mariafernanda@email.com.br,Plastic Co.,DF,"R$ 43.644,00"
566.430.529-04,emanuel@email.com.br,Governo Federal,DF,"R$ 2.428,00"
320.389.335-53,fernanda@gmail.com,Uber,SC,"R$ 39.813,00"
415.707.723-71,joaogabriel@hotmail.com,Google,SE,"R$ 38.100,00"
687.160.725-02,amanda@outlook.com,CCEE,RN,"R$ 26.582,00"
662.326.127-36,ian@outlook.com,CCEE,ES,"R$ 14.594,00"
174.282.537-05,alicia@hotmail.com,Google,BA,"R$ 44.016,00"
